City_ID,City,Lat,Lng,Max Temp,Humidity,Cloudiness,Wind Speed,Country,Date
0,qaanaaq,77.484,-69.3632,-17.92,72,55,0.89,GL,1681340458
1,ushuaia,-54.8,-68.3,3.81,65,75,7.72,AR,1681340459
2,provideniya,64.3833,-173.3,-14.8,61,20,3.13,RU,1681340459
3,mogadishu,2.0371,45.3438,27.54,76,100,5.05,SO,1681340411
4,mehamn,71.0357,27.8492,-2.05,66,20,7.1,NO,1681340460
5,tocopilla,-22.092,-70.1979,19.27,81,3,3.73,CL,1681339914
6,am timan,11.0297,20.2827,31.97,29,29,1.39,TD,1681340461
7,lebu,-37.6167,-73.65,13.52,92,100,4.75,CL,1681340461
8,kapaa,22.0752,-159.319,26.99,76,100,3.13,US,1681340462
9,kruisfontein,-34.0033,24.7314,14.68,50,100,2.92,ZA,1681340463
10,vaini,-21.2,-175.2,29.09,74,75,5.14,TO,1681340466
11,nurota,40.5614,65.6886,21.49,25,96,4.22,UZ,1681340467
12,paamiut,61.994,-49.6678,-0.02,72,11,2.73,GL,1681340468
13,barrow,71.2906,-156.7887,-20.99,77,0,5.14,US,1681340472
14,terra santa,-2.1042,-56.4869,25.28,90,77,1.21,BR,1681340474
15,avarua,-21.2078,-159.775,28.03,69,40,2.57,CK,1681340324
16,airai,-8.9266,125.4092,18.24,86,98,0.54,TL,1681340476
17,san juan,-31.5375,-68.5364,16.94,56,100,8.93,AR,1681340273
18,east london,-33.0153,27.9116,18.16,68,100,3.38,ZA,1681340434
19,presidencia roque saenz pena,-26.7852,-60.4388,26.11,60,37,1.36,AR,1681340479
20,khatanga,71.9667,102.5,-15.34,70,57,9.71,RU,1681340481
21,port alfred,-33.5906,26.891,18.86,63,100,3.55,ZA,1681340484
22,mahebourg,-20.4081,57.7,24.16,94,20,1.54,MU,1681340485
23,busselton,-33.65,115.3333,19.14,70,85,8.6,AU,1681340486
24,rikitea,-23.1203,-134.9692,25.46,68,32,4.99,PF,1681340488
25,bundaberg,-24.85,152.35,27.9,80,0,3.13,AU,1681340455
26,new norfolk,-42.7826,147.0587,14.28,73,58,0.45,AU,1681340492
27,verkhnyaya toyma,62.2349,44.9985,-3.69,81,100,4.57,RU,1681340493
28,kampot,10.6167,104.1833,28.03,85,95,1.44,KH,1681340493
29,aklavik,68.2191,-135.0107,-16.0,43,75,2.06,CA,1681340494
30,monrovia,6.3005,-10.7969,27.3,84,52,3.12,LR,1681340495
31,dingle,10.9995,122.6711,25.5,74,65,1.59,PH,1681340495
32,jutai,-5.1833,-68.9,24.41,95,98,1.24,BR,1681340496
33,brownwood,31.7093,-98.9912,27.62,28,0,5.14,US,1681340496
34,nanakuli,21.3906,-158.1547,27.97,61,100,4.12,US,1681340497
35,yar-sale,66.8333,70.8333,-23.37,97,34,5.31,RU,1681340497
36,kavieng,-2.5744,150.7967,26.84,81,100,4.98,PG,1681340499
37,codrington,-38.2667,141.9667,16.48,87,88,3.39,AU,1681340500
38,kupang,-10.1667,123.5833,26.32,89,20,1.54,ID,1681340500
39,san patricio,28.017,-97.5169,26.4,47,2,4.59,US,1681340501
40,albany,42.6001,-73.9662,24.23,65,2,3.55,US,1681339732
41,kaitangata,-46.2817,169.8464,11.41,92,100,4.87,NZ,1681340502
42,fairbanks,64.8378,-147.7164,-2.17,79,100,5.14,US,1681340406
43,georgetown,5.4112,100.3354,27.96,94,20,1.03,MY,1681340262
44,mar del plata,-38.0023,-57.5575,13.01,76,20,4.12,AR,1681340286
45,jamestown,42.097,-79.2353,22.8,37,0,7.72,US,1681340441
46,port elizabeth,-33.918,25.5701,14.16,82,0,1.03,ZA,1681340505
47,hithadhoo,-0.6,73.0833,28.1,70,13,1.77,MV,1681340505
48,vila franca do campo,37.7167,-25.4333,15.23,82,98,1.66,PT,1681340506
49,carnarvon,-24.8667,113.6333,21.48,78,32,8.54,AU,1681340506
50,dandong,40.1292,124.3947,8.64,62,93,4.32,CN,1681340424
51,souillac,-20.5167,57.5167,24.21,94,20,1.54,MU,1681340507
52,clyde river,70.4692,-68.5914,-13.87,78,100,12.86,CA,1681340508
53,adrar,20.5022,-10.0711,24.14,50,86,7.38,MR,1681340508
54,saldanha,-33.0117,17.9442,15.03,77,100,2.09,ZA,1681340509
55,sagua la grande,22.8067,-80.0756,27.46,60,77,1.82,CU,1681340510
56,cape town,-33.9258,18.4232,17.43,74,0,2.06,ZA,1681340511
57,puerto ayora,-0.7393,-90.3518,31.98,80,86,2.68,EC,1681340511
58,salinopolis,-0.6136,-47.3561,26.05,88,95,3.37,BR,1681340512
59,thompson,55.7435,-97.8558,-0.91,86,100,5.14,CA,1681340425
60,mataura,-46.1927,168.8643,11.38,88,100,3.29,NZ,1681340513
61,torbay,47.6666,-52.7314,1.82,91,100,4.12,CA,1681340513
62,tiksi,71.6872,128.8694,-23.39,100,94,1.74,RU,1681340513
63,chokurdakh,70.6333,147.9167,-17.07,92,84,2.57,RU,1681340514
64,suntar,62.1444,117.6319,-7.27,92,73,2.33,RU,1681340515
65,ouargaye,11.5033,0.0572,33.69,18,71,2.52,BF,1681340515
66,georgiyevka,43.0369,74.7114,8.02,61,0,4.0,KZ,1681340516
67,port lincoln,-34.7333,135.8667,15.17,70,9,1.84,AU,1681340516
68,novyy urengoy,66.0833,76.6333,-27.17,99,28,4.6,RU,1681340516
69,touros,-5.1989,-35.4608,25.68,89,90,6.56,BR,1681340517
70,lompoc,34.6391,-120.4579,18.72,70,75,16.09,US,1681340512
71,tyristrand,60.0837,10.0966,5.3,99,100,2.53,NO,1681340518
72,butaritari,3.0707,172.7902,27.39,74,61,2.56,KI,1681340518
73,damavand,35.7178,52.065,14.04,51,100,2.19,IR,1681340519
74,bambous virieux,-20.3428,57.7575,24.14,94,20,1.54,MU,1681340519
75,can tho,10.0333,105.7833,25.99,100,40,0.51,VN,1681340442
76,wanning,18.8003,110.3967,24.28,90,100,2.81,CN,1681340520
77,ribeira grande,38.5167,-28.7,17.1,93,72,2.24,PT,1681340521
78,tuxtla,16.75,-93.1167,27.77,53,66,4.95,MX,1681340521
79,gazli,40.1333,63.45,22.16,35,100,5.74,UZ,1681340522
80,atuona,-9.8,-139.0333,27.15,67,95,4.37,PF,1681340523
81,kattivakkam,13.2167,80.3167,27.82,88,0,3.94,IN,1681340524
82,tasiilaq,65.6145,-37.6368,2.09,95,91,2.74,GL,1681340525
83,ajdabiya,30.7554,20.2263,14.79,68,0,2.88,LY,1681340525
84,yellowknife,62.456,-114.3525,-1.71,69,75,4.12,CA,1681340351
85,luderitz,-26.6481,15.1594,14.44,72,70,3.68,NA,1681340527
86,narsaq,60.9167,-46.05,1.12,82,72,1.81,GL,1681340528
87,margate,51.3813,1.3862,6.84,85,100,2.24,GB,1681340032
88,chapada dos guimaraes,-15.4606,-55.7497,23.81,83,73,1.99,BR,1681340529
89,catuday,16.2923,119.8062,25.83,79,83,1.9,PH,1681340530
90,banepa,27.6298,85.5214,15.63,67,20,1.03,NP,1681340531
91,la romana,18.4273,-68.9728,28.2,78,20,0.0,DO,1681340532
92,castro,-24.7911,-50.0119,17.54,81,80,0.93,BR,1681340474
93,bredasdorp,-34.5322,20.0403,13.52,83,100,2.22,ZA,1681340534
94,portland,45.5234,-122.6762,11.32,73,75,2.68,US,1681340364
95,bluff,-46.6,168.3333,11.56,81,99,8.68,NZ,1681340535
96,arraial do cabo,-22.9661,-42.0278,23.98,83,75,5.14,BR,1681340515
97,ponta do sol,32.6667,-17.1,17.78,67,15,3.39,PT,1681340537
98,santa maria,-29.6842,-53.8069,23.61,73,40,2.06,BR,1681340538
99,meadow lake,34.8014,-106.5436,28.5,14,0,8.12,US,1681340538
100,bara,10.3744,10.7288,28.02,20,23,3.93,NG,1681340539
101,vao,-22.6667,167.4833,24.98,75,100,0.83,NC,1681340541
102,esperance,-33.8667,121.9,17.47,70,0,3.8,AU,1681340542
103,emerald,-23.5333,148.1667,25.19,46,0,3.79,AU,1681340542
104,ostrovnoy,68.0531,39.5131,-9.9,84,100,1.66,RU,1681340543
105,sao filipe,14.8961,-24.4956,22.53,77,36,2.43,CV,1681340545
106,husavik,66.0449,-17.3389,1.48,83,99,3.02,IS,1681340546
107,cidreira,-30.1811,-50.2056,24.71,71,65,3.89,BR,1681340546
108,san quintin,30.4833,-115.95,16.23,70,95,6.39,MX,1681340547
109,tuktoyaktuk,69.4541,-133.0374,-19.0,71,40,6.69,CA,1681340404
110,hermanus,-34.4187,19.2345,11.56,74,99,2.47,ZA,1681340549
111,rudkobing,54.9364,10.7102,6.47,95,100,5.18,DK,1681340549
112,kidal,18.4411,1.4078,29.05,14,97,1.12,ML,1681340550
113,arlit,18.7369,7.3853,26.3,11,43,4.29,NE,1681340551
114,praia,14.9215,-23.5087,22.3,73,28,4.12,CV,1681340552
115,taiyuan,37.8694,112.5603,7.92,81,100,0.0,CN,1681340552
116,belyy yar,53.6039,91.3903,-5.06,68,0,4.0,RU,1681340553
117,punta arenas,-53.15,-70.9167,6.06,65,0,0.0,CL,1681340438
118,vestmannaeyjar,63.4427,-20.2734,5.69,67,99,2.67,IS,1681340556
119,kapuskasing,49.4169,-82.4331,18.0,32,20,4.12,CA,1681340556
120,kedrovyy,56.1667,91.8167,-2.77,71,100,4.93,RU,1681340557
121,constitucion,-35.3333,-72.4167,12.4,94,72,2.47,CL,1681340558
122,liwale,-9.7667,37.9333,20.21,99,96,0.6,TZ,1681340558
123,aguimes,27.9054,-15.4461,19.81,73,20,9.26,ES,1681340559
124,henties bay,-22.116,14.2845,15.11,82,0,1.87,NA,1681340559
125,laguna,38.421,-121.4238,19.06,46,0,3.09,US,1681340559
126,tera,14.0078,0.7531,31.76,12,9,4.49,NE,1681340560
127,churapcha,62.0025,132.4325,-4.0,84,100,2.8,RU,1681340560
128,karratha,-20.7377,116.8463,28.23,69,100,3.91,AU,1681340561
129,sao joao da barra,-21.6403,-41.0511,24.05,81,100,5.06,BR,1681340561
130,guantanamo,20.1444,-75.2092,27.76,58,15,2.3,CU,1681340561
131,asau,46.4333,26.4,6.51,92,67,1.9,RO,1681340562
132,hilo,19.7297,-155.09,25.85,75,75,4.63,US,1681340288
133,pacific grove,36.6177,-121.9166,16.32,68,20,7.72,US,1681340563
134,camopi,3.1655,-52.3158,23.22,98,100,1.39,GF,1681340564
135,umarga,17.8333,76.6167,32.49,22,97,3.97,IN,1681340564
136,villefranche-de-rouergue,44.3333,2.0,6.43,97,32,0.99,FR,1681340565
137,ancud,-41.8697,-73.8203,11.98,80,100,2.2,CL,1681339966
138,vardo,70.3705,31.1107,-1.01,74,47,7.72,NO,1681340565
139,jining,35.405,116.5814,12.46,58,1,3.35,CN,1681340429
140,manaure,11.7751,-72.4445,28.88,63,99,6.54,CO,1681340566
141,upernavik,72.7868,-56.1549,-11.23,90,62,2.03,GL,1681340567
142,chuy,-33.6971,-53.4616,17.53,79,97,5.46,UY,1681340567
143,tucuma,-0.1833,-50.05,24.91,91,57,2.61,BR,1681340568
144,chimbote,-9.0853,-78.5783,26.26,75,94,3.88,PE,1681340369
145,severo-kurilsk,50.6789,156.125,-0.27,96,100,12.07,RU,1681340569
146,bakel,14.905,-12.4568,35.1,25,79,5.94,SN,1681340569
147,sungaipenuh,-2.0833,101.3833,17.37,95,100,0.72,ID,1681340570
148,lamu,-2.2717,40.902,28.12,76,70,3.07,KE,1681340571
149,dikson,73.5069,80.5464,-22.17,92,45,8.36,RU,1681340572
150,geraldton,-28.7667,114.6,14.23,94,5,5.66,AU,1681340572
151,orchard homes,46.8633,-114.0484,9.08,48,75,5.66,US,1681340572
152,novogornyy,55.63,60.7919,3.95,67,18,2.94,RU,1681340573
153,kodiak,57.79,-152.4072,4.45,61,92,8.49,US,1681340573
154,saint george,37.1041,-113.5841,26.33,16,0,10.29,US,1681340574
155,skibbereen,51.55,-9.2667,7.84,66,11,7.32,IE,1681340574
156,la primavera,5.4906,-70.4092,31.38,50,100,2.19,CO,1681340575
157,berlevag,70.8578,29.0864,-2.03,64,16,12.35,NO,1681340575
158,buin,-33.7333,-70.75,21.9,58,100,1.32,CL,1681340576
159,baykit,61.67,96.37,-11.64,97,100,1.99,RU,1681340576
160,haines junction,60.7522,-137.5108,1.97,44,100,3.09,CA,1681340577
161,povoa de varzim,41.3834,-8.7636,11.75,76,40,2.06,PT,1681340578
162,navolato,24.7672,-107.6944,30.82,18,21,5.53,MX,1681340578
163,anadyr,64.75,177.4833,-20.72,71,0,5.0,RU,1681340579
164,nikolskoye,59.7035,30.7861,6.94,95,84,3.72,RU,1681340579
165,vengerovo,55.6848,76.7471,1.3,93,100,4.12,RU,1681340580
166,roald,62.5833,6.1333,9.08,49,0,7.2,NO,1681340580
167,usinsk,65.9939,57.5281,-24.6,96,5,4.77,RU,1681340580
168,bedesa,8.9,40.7833,17.18,75,99,1.97,ET,1681340581
169,hayvoron,48.3396,29.8679,8.77,95,97,3.07,UA,1681340581
170,yangjiang,21.85,111.9667,22.0,91,54,1.59,CN,1681340582
171,vicuna,-30.0319,-70.7081,22.65,61,71,1.29,CL,1681340583
172,ust-nera,64.5667,143.2,-10.13,88,47,1.47,RU,1681340583
173,russell,32.3502,-85.1999,23.6,40,0,3.09,US,1681340584
174,mariveles,14.4833,120.4833,23.98,83,100,2.21,PH,1681340585
175,kavaratti,10.5669,72.642,28.48,75,11,3.24,IN,1681340586
176,poum,-20.2333,164.0167,26.28,76,6,2.63,NC,1681340587
177,saskylakh,71.9167,114.0833,-11.74,94,100,7.05,RU,1681340587
178,syracuse,37.0881,15.2792,12.77,61,7,1.18,IT,1681340426
179,bubaque,11.2833,-15.8333,24.98,77,84,6.79,GW,1681340588
180,hami,42.8,93.45,8.8,28,9,6.21,CN,1681340589
181,hamilton,39.1834,-84.5333,25.97,35,0,5.66,US,1681340353
182,panzhihua,26.5851,101.7128,14.42,38,24,1.18,CN,1681340591
183,garden city,42.3256,-83.331,27.97,28,0,9.77,US,1681340077
184,port hardy,50.6996,-127.4199,8.1,71,75,4.63,CA,1681340440
185,oranjemund,-28.55,16.4333,13.33,88,98,2.23,NA,1681340592
186,san jose,37.3394,-121.895,16.75,48,20,4.47,US,1681340459
187,grindavik,63.8424,-22.4338,2.26,80,0,3.6,IS,1681340594
188,mareeba,-17.0,145.4333,27.4,86,95,0.75,AU,1681340594
189,konstantinovka,49.6167,127.9833,1.06,63,100,7.33,RU,1681340595
190,coronel martinez,-25.75,-56.6167,26.68,58,76,0.77,PY,1681340595
191,sambava,-14.2667,50.1667,23.08,94,31,1.6,MG,1681340596
192,shimoda,34.6667,138.95,14.5,75,53,6.18,JP,1681340597
193,isangel,-19.55,169.2667,29.02,69,15,2.7,VU,1681340597
194,talnakh,69.4865,88.3972,-25.1,98,100,2.48,RU,1681340598
195,klaksvik,62.2266,-6.589,6.51,85,99,9.46,FO,1681340598
196,vanimo,-2.6741,141.3028,27.41,75,77,0.73,PG,1681340599
197,erzincan,39.75,39.5,5.61,81,75,3.09,TR,1681340600
198,hobart,-42.8794,147.3294,14.47,93,75,1.54,AU,1681340600
199,gat,31.61,34.7642,11.55,100,8,5.06,IL,1681340601
200,edd,13.9297,41.6925,30.19,58,96,8.5,ER,1681340602
201,knappskog,60.3819,5.0558,9.03,46,75,3.09,NO,1681340602
202,grand forks,47.9417,-97.4337,5.96,70,75,4.63,US,1681340603
203,maragogi,-9.0122,-35.2225,25.49,85,89,3.45,BR,1681340604
204,talavera de la reina,39.9635,-4.8308,7.77,75,49,1.04,ES,1681340604
205,yerbogachen,61.2767,108.0108,-17.21,98,50,1.7,RU,1681340605
206,diffa,13.3154,12.6113,26.68,21,73,5.02,NE,1681340606
207,kashin,57.3592,37.6081,7.79,66,71,2.55,RU,1681340606
208,rocha,-34.4833,-54.3333,16.13,75,95,5.07,UY,1681340422
209,naushki,50.3828,106.1056,-2.48,61,100,9.39,RU,1681340608
210,atikokan,48.7555,-91.6216,17.2,75,20,2.36,CA,1681340609
211,nenjiang,49.1833,125.2167,1.31,61,28,4.74,CN,1681340609
212,beringovskiy,63.05,179.3167,-16.42,85,72,5.48,RU,1681340610
213,mayor pablo lagerenza,-19.9309,-60.7718,26.47,73,69,2.48,PY,1681340611
214,pingzhuang,42.0372,119.2889,12.14,28,82,1.06,CN,1681340612
215,pisco,-13.7,-76.2167,26.03,69,79,7.72,PE,1681340612
216,aykhal,66.0,111.5,-20.28,86,63,2.63,RU,1681340614
217,salalah,17.0151,54.0924,26.53,74,21,1.87,OM,1681340615
218,alice springs,-23.7,133.8833,22.75,40,100,4.12,AU,1681340521
219,taua,-5.9667,-40.3,23.56,72,56,3.31,BR,1681340616
220,te anau,-45.4167,167.7167,11.46,92,99,1.8,NZ,1681340616
221,matveyevka,52.15,56.1833,7.17,59,79,3.85,RU,1681340617
222,eureka,40.8021,-124.1637,12.64,64,7,6.26,US,1681340434
223,mount barker,-35.0667,138.8667,14.99,72,26,3.19,AU,1681340618
224,caravelas,-17.7125,-39.2481,24.2,89,37,2.07,BR,1681340620
225,cockburn town,21.4612,-71.1419,25.98,73,40,4.12,TC,1681340620
226,mirnyy,62.5353,113.9611,-9.87,66,52,4.02,RU,1681340621
227,den helder,52.9599,4.7593,8.34,73,75,16.99,NL,1681340373
228,praya,14.9215,-23.5087,22.3,73,28,4.12,CV,1681340573
229,faanui,-16.4833,-151.75,28.2,67,33,3.99,PF,1681340622
230,ochakiv,46.6128,31.5498,8.25,92,100,4.69,UA,1681340623
231,aksu,41.1231,80.2644,10.35,37,8,1.56,CN,1681340624
232,belaya gora,68.5333,146.4167,-15.09,92,60,2.67,RU,1681340624
233,mount gambier,-37.8333,140.7667,15.96,92,90,1.27,AU,1681340625
234,gaborone,-24.6545,25.9086,13.95,82,0,2.06,BW,1681340626
235,guerrero negro,27.9769,-114.0611,15.48,77,100,8.4,MX,1681340440
236,broome,42.2506,-75.833,24.21,33,0,3.6,US,1681340627
237,victoria,22.2855,114.1577,22.89,87,98,0.45,HK,1681340160
238,saint-philippe,-21.3585,55.7679,23.77,85,29,0.26,RE,1681340627
239,talaya,61.3833,152.75,-15.24,68,35,0.65,RU,1681340628
240,yeniseysk,58.4497,92.1703,-2.31,85,100,4.96,RU,1681340628
241,ust-ishim,57.6935,71.1665,-0.13,93,45,2.45,RU,1681340629
242,saint-pierre,-21.3393,55.4781,24.2,78,0,3.09,RE,1681340629
243,bayevo,53.2833,80.7667,3.56,47,100,8.09,RU,1681340629
244,nirmal,19.1,78.35,30.98,27,31,1.64,IN,1681340630
245,jertih,5.7336,102.4897,23.92,94,99,1.59,MY,1681340630
246,korla,41.7597,86.1469,11.77,37,100,1.08,CN,1681340631
247,medvedok,57.3891,50.0351,4.81,70,13,1.73,RU,1681340631
248,northam,51.0333,-4.2167,8.67,77,89,12.54,GB,1681340633
249,oriximina,-1.7656,-55.8661,25.35,91,63,1.09,BR,1681340633
250,alekseyevsk,57.8406,108.3492,-8.93,95,92,1.54,RU,1681340634
251,ilulissat,69.2167,-51.1,-4.99,93,100,1.03,GL,1681340634
252,kazanskoye,55.6448,69.235,2.44,71,8,3.93,RU,1681340635
253,arenapolis,-14.4503,-56.8461,23.32,93,60,1.23,BR,1681340635
254,saint anthony,45.0205,-93.218,31.03,33,0,6.17,US,1681340637
255,cabo san lucas,22.8909,-109.9124,28.61,50,75,8.75,MX,1681340637
256,college,64.8569,-147.8028,-2.18,81,100,5.14,US,1681340402
257,san policarpo,12.1791,125.5072,25.91,87,84,2.11,PH,1681340638
258,port blair,11.6667,92.75,26.27,80,57,2.65,IN,1681340638
259,victor harbor,-35.5667,138.6167,14.27,73,91,4.67,AU,1681340640
260,harper,4.375,-7.7169,26.76,85,16,3.48,LR,1681340640
261,cuenca,-2.8833,-78.9833,21.07,46,40,3.6,EC,1681340578
262,marawi,7.9986,124.2928,22.01,83,1,1.16,PH,1681340642
263,pombas,17.1503,-25.0201,21.88,79,32,5.33,CV,1681340643
264,bom jesus,-9.0744,-44.3586,26.27,45,26,1.27,BR,1681340643
265,kholodnyy,62.7167,147.95,-15.78,84,83,0.13,RU,1681340644
266,milledgeville,33.0801,-83.2321,23.08,27,0,0.0,US,1681340645
267,isilkul,54.9109,71.2728,2.15,67,1,4.09,RU,1681340646
268,druskininkai,54.0167,23.9667,9.11,92,100,3.58,LT,1681340647
269,praia da vitoria,38.7333,-27.0667,16.53,88,20,3.4,PT,1681340647
270,mongoumba,3.6415,18.5936,21.94,82,73,1.18,CF,1681340648
271,nanortalik,60.1432,-45.2371,0.41,90,100,0.71,GL,1681340649
272,taltal,-25.4,-70.4833,19.4,80,24,2.33,CL,1681340490
273,tolaga bay,-38.3667,178.3,19.75,65,12,4.22,NZ,1681340650
274,muros,42.7762,-9.0603,7.27,88,24,5.07,ES,1681340650
275,lampa,-33.2833,-70.9,19.63,55,0,5.14,CL,1681340652
276,kajaani,64.2273,27.7285,-0.97,64,0,5.66,FI,1681340652
277,calvinia,-31.4707,19.776,15.64,25,93,2.14,ZA,1681340653
278,kama,56.3051,54.0936,6.66,64,68,1.83,RU,1681340654
279,mundo nuevo,18.7,-95.5,25.16,72,27,6.5,MX,1681340654
280,bismarck,46.8083,-100.7837,10.91,46,0,5.14,US,1681340655
281,uyuni,-20.4597,-66.825,11.65,24,0,2.61,BO,1681340655
282,acapulco,16.8634,-99.8901,30.2,48,18,5.08,MX,1681340378
283,sitka,57.0531,-135.33,3.94,81,100,5.66,US,1681340657
284,iracoubo,5.4802,-53.2011,25.87,84,73,4.03,GF,1681340479
285,lapua,62.9693,23.0088,6.38,93,93,4.21,FI,1681340658
286,broken hill,-31.95,141.4333,13.93,66,0,5.9,AU,1681340659
287,swan hill,-35.3378,143.5544,16.67,71,60,3.93,AU,1681340660
288,babu,24.4167,111.5167,22.44,93,36,1.65,CN,1681340661
289,caldwell,43.6629,-116.6874,11.08,33,20,6.69,US,1681340543
290,haimen,23.1935,116.6142,18.94,75,77,6.65,CN,1681340662
291,yining,29.0361,114.5636,20.12,92,23,0.88,CN,1681340664
292,nova prata,-28.7839,-51.61,18.46,73,67,1.42,BR,1681340665
293,samana,19.2056,-69.3369,25.98,86,15,2.57,DO,1681340666
294,qaqortoq,60.7167,-46.0333,-0.31,84,93,1.46,GL,1681340667
295,yuanping,38.7153,112.7575,13.37,43,100,0.8,CN,1681340667
296,zhigansk,66.7697,123.3711,-17.93,97,99,2.13,RU,1681340668
297,longyearbyen,78.2186,15.6401,-0.09,74,75,5.14,SJ,1681340592
298,egvekinot,66.3167,-179.1667,-16.62,76,100,1.46,RU,1681340670
299,coihaique,-45.5752,-72.0662,11.34,53,0,3.6,CL,1681340551
300,evensk,61.95,159.2333,-11.53,68,1,0.88,RU,1681340673
301,lagos,6.5833,3.75,28.18,86,100,2.35,NG,1681340257
302,kisangani,0.5167,25.2,21.98,82,100,0.57,CD,1681340674
303,svetlyy,54.675,20.1347,4.03,93,51,3.3,RU,1681340674
304,nantucket,41.2835,-70.0995,18.03,62,0,4.12,US,1681340675
305,bilibino,68.0546,166.4372,-18.51,88,70,0.84,RU,1681340676
306,waingapu,-9.6567,120.2641,26.14,87,66,2.57,ID,1681340676
307,puerto escondido,15.85,-97.0667,31.66,51,9,2.84,MX,1681340447
308,pangkalanbuun,-2.6833,111.6167,23.52,95,83,1.05,ID,1681340678
309,beloha,-25.1667,45.05,20.51,95,1,2.01,MG,1681340679
310,ayagoz,47.9714,80.4392,0.88,45,16,1.85,KZ,1681340681
311,baturaja,-4.1333,104.1667,22.08,94,97,1.26,ID,1681340682
312,kununurra,-15.7667,128.7333,25.99,94,40,0.51,AU,1681340682
313,tautira,-17.7333,-149.15,26.97,73,19,3.07,PF,1681340479
314,lahij,13.1667,44.5833,25.26,72,87,3.03,YE,1681340683
315,palmares do sul,-30.2578,-50.5097,24.06,68,70,2.19,BR,1681340684
316,jiexiu,37.0244,111.9125,16.54,53,100,2.87,CN,1681340684
317,tulun,54.5611,100.5792,-5.6,66,70,1.9,RU,1681340685
318,methoni,36.8197,21.7049,13.45,81,0,6.25,GR,1681340685
319,key west,24.5557,-81.7826,27.22,71,0,3.6,US,1681340686
320,sarangani,5.4033,125.4636,27.99,74,46,1.65,PH,1681340686
321,thunder bay,48.4001,-89.3168,12.99,57,20,5.14,CA,1681340687
322,tashtagol,52.7657,87.8894,-5.84,87,69,1.44,RU,1681340687
323,araouane,18.9048,-3.5265,28.24,8,98,4.12,ML,1681340688
324,bairiki,1.3292,172.9752,30.0,70,20,3.6,KI,1681340689
325,niquelandia,-14.4739,-48.4597,22.43,88,90,0.57,BR,1681340690
326,alice town,25.7167,-79.3,24.43,80,97,9.75,BS,1681340691
327,lorengau,-2.0226,147.2712,28.79,74,96,4.39,PG,1681340691
328,san cristobal,7.7669,-72.225,24.1,84,96,0.84,VE,1681340692
329,carauari,-4.8828,-66.8958,25.55,89,100,0.88,BR,1681340692
330,ramhormoz,31.28,49.6035,21.61,55,100,11.25,IR,1681340693
331,pompeu,-19.2244,-44.9353,19.3,91,99,1.48,BR,1681340693
332,pointe michel,15.25,-61.3833,26.16,72,20,5.17,DM,1681340694
333,palmer,42.1584,-72.3287,26.65,20,20,7.72,US,1681340131
334,alofi,-19.0595,-169.9187,28.94,70,75,7.2,NU,1681340695
335,solnechnyy,50.7214,136.6319,-4.14,90,100,5.68,RU,1681340696
336,shingu,33.7333,135.9833,14.49,51,0,1.77,JP,1681340299
337,marsa matruh,31.3525,27.2453,14.11,82,0,5.14,EG,1681340697
338,ust-omchug,61.15,149.6333,-12.65,77,22,1.4,RU,1681340506
339,lumphat,13.4878,106.9816,25.05,85,87,1.19,KH,1681340698
340,curillo,1.0333,-75.9191,25.84,85,92,0.82,CO,1681340698
341,gamba,-2.65,10.0,25.55,86,74,0.89,GA,1681340699
342,flin flon,54.7682,-101.865,7.91,46,40,4.12,CA,1681340700
343,muskogee,35.5834,-95.3336,26.04,41,0,3.36,US,1681340512
344,hervey bay,-25.2986,152.8535,24.68,58,0,6.97,AU,1681340701
345,rossland,49.0831,-117.8022,5.34,61,90,1.72,CA,1681340701
346,caramoan,13.7707,123.8631,25.47,89,100,5.1,PH,1681340703
347,chandauli,25.2667,83.2667,26.02,21,0,2.99,IN,1681340705
348,antofagasta,-23.65,-70.4,20.6,84,3,2.96,CL,1681340508
349,maceio,-9.6658,-35.7353,27.69,78,0,2.57,BR,1681340706
350,talcahuano,-36.7167,-73.1167,13.82,94,100,4.12,CL,1681340522
351,hasaki,35.7333,140.8333,14.22,39,35,5.09,JP,1681340708
352,norman wells,65.282,-126.8329,2.02,48,100,3.6,CA,1681340708
353,mazagao,-0.115,-51.2894,28.03,86,47,1.9,BR,1681340575
354,la palma,33.8464,-118.0467,19.73,82,100,4.12,US,1681340710
355,tallahassee,30.4383,-84.2807,23.91,56,75,7.72,US,1681340517
356,atar,20.5169,-13.0499,26.24,53,72,1.88,MR,1681340712
357,sharjah,25.3573,55.4033,28.99,50,0,3.09,AE,1681340712
358,hokitika,-42.7167,170.9667,13.94,90,100,2.42,NZ,1681340713
359,tuatapere,-46.1333,167.6833,12.06,89,100,3.4,NZ,1681340714
360,imbituba,-28.24,-48.6703,22.85,75,9,2.84,BR,1681340715
361,snezhnogorsk,69.1933,33.2531,-9.56,99,39,2.57,RU,1681340716
362,yumen,40.2833,97.2,7.16,39,100,7.21,CN,1681340717
363,bengkulu,-3.8004,102.2655,23.62,90,86,2.0,ID,1681340718
364,fuengirola,36.54,-4.6247,21.03,49,0,8.75,ES,1681340719
365,sobolevo,54.4299,31.8996,9.32,61,100,3.98,RU,1681340720
366,merauke,-8.4667,140.3333,24.97,92,100,6.41,ID,1681340721
367,kottagudem,17.55,80.6333,28.5,41,50,1.52,IN,1681340721
368,beyneu,45.3167,55.2,20.19,36,88,9.8,KZ,1681340722
369,patamundai,20.5667,86.5667,26.05,70,0,3.02,IN,1681340722
370,salinas,36.6777,-121.6555,16.56,61,20,7.72,US,1681340254
371,caranavi,-15.8167,-67.55,19.51,95,76,0.64,BO,1681340724
372,biak,-0.9131,122.8766,25.69,81,81,0.36,ID,1681340724
373,yeppoon,-23.1333,150.7333,25.88,66,2,4.82,AU,1681340725
374,sayat,38.7839,63.8803,21.93,27,93,7.1,TM,1681340726
375,kaifeng,34.7911,114.3483,14.41,72,20,1.06,CN,1681340728
376,ponta delgada,37.7333,-25.6667,15.4,82,75,2.57,PT,1681340729
377,nizhniy baskunchak,48.2198,46.8311,16.24,33,91,11.41,RU,1681340730
378,requena,39.4883,-1.1004,15.84,56,100,4.59,ES,1681340730
379,caluquembe,-13.7833,14.6833,15.46,87,98,0.13,AO,1681340656
380,shache,38.4167,77.2406,13.86,22,49,2.24,CN,1681340732
381,fortuna,40.5982,-124.1573,11.07,63,11,5.36,US,1681340732
382,kenora,49.8167,-94.4337,18.54,27,75,5.14,CA,1681340733
383,coquimbo,-29.9533,-71.3436,17.85,77,0,3.6,CL,1681340070
384,kumano,34.3442,132.5894,10.65,48,0,1.55,JP,1681340734
385,samarai,-10.6167,150.6667,28.54,74,67,1.75,PG,1681340734
386,half moon bay,37.4636,-122.4286,17.15,58,0,10.8,US,1681340735
387,rio grande,-32.035,-52.0986,21.06,90,88,5.1,BR,1681340735
388,abeche,13.8292,20.8324,26.58,14,61,7.36,TD,1681340736
389,nyalikungu,-3.1833,33.7833,17.42,85,96,1.79,TZ,1681340736
390,vrangel,42.7297,133.0839,5.32,57,5,1.66,RU,1681340737
391,lorena,-22.7308,-45.1247,23.07,78,75,1.03,BR,1681340679
392,beira,-19.8436,34.8389,26.05,83,20,1.54,MZ,1681340738
393,luena,-11.7833,19.9167,17.15,93,97,0.52,AO,1681340739
394,richards bay,-28.783,32.0377,20.61,80,100,4.28,ZA,1681340383
395,bandarbeyla,9.4942,50.8122,27.86,76,96,2.88,SO,1681340740
396,boyle,37.6334,-84.8666,25.12,23,0,0.0,US,1681340741
397,labuhan,-6.8844,112.2051,25.7,87,100,3.08,ID,1681340741
398,bambanglipuro,-7.95,110.2833,24.81,89,99,1.22,ID,1681340742
399,mongo,12.1844,18.693,29.11,16,73,4.52,TD,1681340743
400,menomonie,44.8755,-91.9193,32.02,14,0,8.23,US,1681340549
401,plettenberg bay,-34.0527,23.3716,15.88,56,100,2.36,ZA,1681340744
402,darnah,32.767,22.6367,15.04,79,0,8.66,LY,1681340744
403,puerto madryn,-42.7692,-65.0385,9.26,49,26,6.0,AR,1681340690
404,sfantu gheorghe,45.8667,25.7833,6.07,96,100,2.42,RO,1681340745
405,honningsvag,70.9821,25.9704,0.86,51,16,6.69,NO,1681340746
406,prainha,-1.8,-53.48,26.0,79,32,1.58,BR,1681340747
407,adrasmon,40.6472,69.9856,9.24,68,14,3.95,TJ,1681340748
408,cherskiy,68.75,161.3,-19.25,91,100,2.06,RU,1681340748
409,inirida,3.8653,-67.9239,23.29,96,100,0.46,CO,1681340749
410,princeton,25.5384,-80.4089,23.0,92,100,3.6,US,1681340563
411,maroantsetra,-15.4333,49.7333,22.43,94,50,1.39,MG,1681340750
412,barreirinhas,-2.7469,-42.8264,25.8,82,95,2.82,BR,1681340750
413,ilmajoki,62.7333,22.5667,6.31,62,0,3.6,FI,1681340751
414,okhotsk,59.3833,143.3,-8.14,89,72,2.59,RU,1681340751
415,marsh harbour,26.5412,-77.0636,22.94,82,100,10.95,BS,1681340749
416,grigiskes,54.6833,25.0833,9.91,92,100,1.03,LT,1681340752
417,labytnangi,66.6572,66.4183,-24.81,89,41,2.2,RU,1681340752
418,koslan,63.4564,48.8989,-13.22,82,68,4.32,RU,1681340753
419,vila velha,-20.3297,-40.2925,24.97,88,20,0.51,BR,1681340641
420,paris,48.8534,2.3488,8.76,79,100,7.72,FR,1681340155
421,manadhoo,5.7667,73.3833,28.67,73,14,4.27,MV,1681340754
422,sur,22.5667,59.5289,27.87,57,22,3.17,OM,1681340755
423,goedereede,51.8175,3.9806,7.25,83,88,3.13,NL,1681340755
424,bethel,41.3712,-73.414,26.46,31,17,3.22,US,1681340562
425,port-gentil,-0.7193,8.7815,27.03,80,92,0.47,GA,1681340756
426,el alto,-4.2714,-81.2147,26.81,77,100,1.95,PE,1681340756
427,bodden town,19.2833,-81.25,29.0,68,20,2.06,KY,1681340757
428,french harbor,16.35,-86.4333,28.0,77,20,3.09,HN,1681340758
429,aksarka,66.5606,67.7975,-23.6,95,54,1.88,RU,1681340758
430,halifax,44.6453,-63.5724,8.6,66,95,11.83,CA,1681340519
431,vyshhorod,50.5848,30.4898,9.41,95,100,3.22,UA,1681340759
432,puerto leguizamo,-0.1934,-74.7819,25.5,88,86,0.64,CO,1681340760
433,sorland,67.667,12.6934,5.92,83,100,7.91,NO,1681340760
434,kualakapuas,-3.0091,114.3876,23.96,96,61,0.71,ID,1681340761
435,maniitsoq,65.4167,-52.9,-2.39,85,21,3.91,GL,1681340762
436,kutum,14.2,24.6667,20.1,20,91,5.57,SD,1681340762
437,spirit river,55.7833,-118.8361,8.24,36,64,3.85,CA,1681340763
438,jambi,-1.6,103.6167,23.08,98,95,0.7,ID,1681340653
439,valdivia,-39.8142,-73.2459,21.05,75,87,1.19,CL,1681340340
440,pedernales,18.0384,-71.744,26.79,77,45,2.26,DO,1681340764
441,katsuura,35.1333,140.3,14.03,58,89,7.02,JP,1681340765
442,lazaro cardenas,17.9583,-102.2,28.64,53,55,4.84,MX,1681340766
443,lethem,3.3803,-59.7968,30.96,46,93,5.21,GY,1681340766
444,ballina,-28.8667,153.5667,23.77,46,14,6.12,AU,1681340494
445,sydney,-33.8679,151.2073,17.95,78,75,5.14,AU,1681340460
446,najran,17.4924,44.1277,24.36,49,21,2.0,SA,1681340768
447,clarence town,-32.5833,151.7833,18.97,80,76,2.86,AU,1681340769
448,padilla,3.2204,-76.3139,28.76,87,90,0.23,CO,1681340769
449,sakaraha,-22.9,44.5333,19.67,86,100,1.77,MG,1681340770
450,lusambo,-4.9667,23.45,20.54,98,100,1.04,CD,1681340772
451,niquero,20.0431,-77.5828,27.19,69,6,3.48,CU,1681340773
452,port keats,-14.25,129.55,26.16,88,100,2.58,AU,1681340774
453,buchanan,5.8808,-10.0467,27.6,82,72,4.03,LR,1681340775
454,andros town,24.7,-77.7667,22.98,77,82,7.27,BS,1681340594
455,madang,-5.2246,145.7966,26.81,79,81,1.64,PG,1681340776
456,vangaindrano,-23.35,47.6,22.1,92,100,1.38,MG,1681340591
457,quatre cocos,-20.2078,57.7625,24.06,83,53,2.63,MU,1681340777
458,sisimiut,66.9395,-53.6735,-5.86,91,84,3.85,GL,1681340778
459,muroto,33.2833,134.15,14.47,63,1,2.3,JP,1681340778
460,cabedelo,-6.9811,-34.8339,26.37,83,50,5.85,BR,1681340738
461,ciudad bolivar,8.1222,-63.5497,34.3,28,66,4.3,VE,1681340779
462,leningradskiy,69.3833,178.4167,-17.1,89,98,2.42,RU,1681340780
463,lufilufi,-13.8745,-171.5986,29.88,72,8,1.32,WS,1681340780
464,muzhi,65.3667,64.6667,-25.11,93,8,1.66,RU,1681340781
465,boffa,10.1667,-14.0333,26.39,76,100,2.64,GN,1681340782
466,mbuji-mayi,-6.15,23.6,21.19,92,100,1.41,CD,1681340782
467,anchorage,61.2181,-149.9003,5.44,62,100,7.2,US,1681340584
468,north bend,43.4065,-124.2243,11.62,66,40,4.12,US,1681340784
469,havoysund,70.9963,24.6622,1.13,74,17,7.77,NO,1681340784
470,nizhnyaya omka,55.4338,74.9426,1.86,92,64,4.42,RU,1681340785
471,bonthe,7.5264,-12.505,26.9,83,26,4.49,SL,1681340786
472,copperas cove,31.1241,-97.9031,24.64,41,75,4.63,US,1681340772
473,lavrentiya,65.5833,-171.0,-13.86,79,74,1.79,RU,1681340787
474,siocon,7.7061,122.1353,26.25,78,3,0.52,PH,1681340788
475,galveston,29.3669,-94.9669,22.98,66,75,7.2,US,1681340735
476,hered,47.7064,19.6331,8.76,72,87,1.14,HU,1681340789
477,durusu,41.3053,28.6767,11.1,88,72,2.24,TR,1681340789
478,brae,60.3964,-1.353,5.72,86,38,6.03,GB,1681340790
479,kahului,20.8947,-156.47,29.01,57,20,9.77,US,1681340653
480,ilo,-17.6394,-71.3375,21.27,80,99,2.25,PE,1681340791
481,kaeo,-35.1,173.7833,18.51,98,38,3.16,NZ,1681340792
482,sanchursk,56.9413,47.2499,6.64,57,14,2.26,RU,1681340792
483,tomino,41.9877,-8.755,11.77,79,51,1.63,ES,1681340793
484,corn island,12.1694,-83.0418,26.77,78,12,6.05,NI,1681340794
485,la grande,45.3246,-118.0877,6.11,64,100,4.04,US,1681340794
486,erenhot,43.6475,111.9767,8.91,23,100,3.73,CN,1681340795
487,noyon,49.5833,3.0,7.36,83,69,10.05,FR,1681340796
488,bandar,2.05,99.75,22.84,95,66,0.99,ID,1681340796
489,olinda,-8.0089,-34.8553,27.85,74,40,5.14,BR,1681340796
490,atasu,48.6814,71.6433,6.16,40,95,2.36,KZ,1681340797
491,nioaque,-21.1353,-55.83,23.38,90,12,1.43,BR,1681340798
492,kathmandu,27.7167,85.3167,16.58,60,20,1.03,NP,1681340428
493,cabul-an,10.15,124.05,26.05,83,40,0.0,PH,1681340799
494,nabire,-3.3667,135.4833,26.56,74,56,0.93,ID,1681340799
495,hohhot,40.8106,111.6522,4.16,70,69,3.0,CN,1681340800
496,la macarena,2.1837,-73.7849,25.19,90,97,1.29,CO,1681340800
497,pareora,-44.4871,171.2132,13.4,87,100,5.29,NZ,1681340801
498,kars,40.602,43.095,2.25,93,75,3.09,TR,1681340802
499,taksimo,56.3444,114.8794,-4.82,84,99,0.82,RU,1681340802
500,austin,30.2672,-97.7431,26.69,45,40,3.6,US,1681340573
501,certesti,46.0167,27.6167,6.12,87,59,3.88,RO,1681340803
502,umm lajj,25.0213,37.2685,19.7,40,0,4.9,SA,1681340803
503,high prairie,55.4334,-116.4858,8.19,42,65,4.86,CA,1681340804
504,katherine,-14.4667,132.2667,27.18,83,94,0.0,AU,1681340804
505,oussouye,12.485,-16.5469,23.7,68,92,4.18,SN,1681340805
506,kalagarh,29.5,78.75,22.6,25,48,1.62,IN,1681340805
507,beirut,33.8889,35.4944,14.41,67,75,10.8,LB,1681340806
508,tres arroyos,-38.3739,-60.2798,11.75,55,59,6.13,AR,1681340806
509,santa isabel do rio negro,-0.4139,-65.0192,24.11,98,100,1.17,BR,1681340808
510,glushkovo,51.3392,34.6328,9.6,67,100,5.93,RU,1681340809
511,makakilo city,21.3469,-158.0858,28.18,59,20,8.75,US,1681340810
512,ixtapa,20.7,-105.2,25.57,65,75,5.14,MX,1681340810
513,pavlohrad,48.5167,35.8667,10.68,93,100,2.07,UA,1681340811
514,majene,-3.5403,118.9707,26.35,82,96,1.32,ID,1681340811
515,alappuzha,9.49,76.3264,26.78,83,0,1.42,IN,1681340812
516,komsomolskiy,40.4272,71.7189,12.4,82,92,3.09,UZ,1681340812
517,panalingaan,8.7842,117.4231,26.34,80,25,1.04,PH,1681340813
518,bar harbor,44.3876,-68.2039,12.17,43,0,4.63,US,1681340634
519,schwerin,53.6294,11.4132,8.17,95,99,2.68,DE,1681340674
520,cap malheureux,-19.9842,57.6142,24.15,88,52,3.47,MU,1681340814
521,sakakah,29.9697,40.2064,13.1,52,0,9.16,SA,1681340814
522,charleston,32.7766,-79.9309,23.09,49,0,4.63,US,1681340665
523,ulladulla,-35.35,150.4667,15.43,79,98,6.06,AU,1681340816
524,alto araguaia,-17.3147,-53.2153,21.73,84,34,0.54,BR,1681340817
525,ossora,59.2353,163.0719,-11.21,68,30,0.89,RU,1681340818
526,bud,39.447,-86.1758,25.97,56,5,3.86,US,1681340818
527,sa kaeo,13.75,102.3333,26.94,84,84,2.9,TH,1681340818
528,dargaville,-35.9333,173.8833,21.18,67,32,1.78,NZ,1681340819
529,ormara,25.2088,64.6357,25.7,73,46,7.16,PK,1681340820
530,krasnoselkup,65.7,82.4667,-26.71,98,86,3.99,RU,1681340820
531,giyani,-23.3025,30.7187,18.04,73,2,1.87,ZA,1681340821
532,kuliyapitiya,7.4688,80.0401,26.82,92,98,1.13,LK,1681340821
533,obertyn,48.7003,25.1701,6.69,90,97,3.65,UA,1681340822
534,puerto rico,-26.796,-55.024,22.65,51,28,0.52,AR,1681340822
535,albufeira,37.0882,-8.2503,15.91,80,86,6.29,PT,1681340823
536,jurm,36.8648,70.8342,13.12,39,11,2.46,AF,1681340824
537,dickinson,29.4608,-95.0513,22.97,72,75,3.6,US,1681340824
538,vagur,61.4732,-6.8119,6.5,78,87,8.88,FO,1681340826
539,savannah bight,16.45,-85.85,26.62,69,1,4.32,HN,1681340827
540,gornopravdinsk,60.05,69.9,-3.74,96,100,2.32,RU,1681340828
541,sesheke,-17.4759,24.2968,20.67,41,23,1.88,ZM,1681340828
542,iqaluit,63.7506,-68.5145,-7.57,95,100,1.84,CA,1681340829
543,stokmarknes,68.5646,14.9108,7.98,70,100,3.09,NO,1681340829
